pageid	ns	title	lang
8700159	14	Category:'Are'are terms with IPA pronunciation	'Are'are
7889864	14	Category:A-Hmao terms with IPA pronunciation	A-Hmao
4688756	14	Category:Abau terms with IPA pronunciation	Abau
4688449	14	Category:Abaza terms with IPA pronunciation	Abaza
4688962	14	Category:Abenaki terms with IPA pronunciation	Abenaki
4688437	14	Category:Abkhaz terms with IPA pronunciation	Abkhaz
6526308	14	Category:Acehnese terms with IPA pronunciation	Acehnese
5790867	14	Category:Achang terms with IPA pronunciation	Achang
6071275	14	Category:Achumawi terms with IPA pronunciation	Achumawi
4688329	14	Category:Adyghe terms with IPA pronunciation	Adyghe
4688936	14	Category:Afar terms with IPA pronunciation	Afar
4688334	14	Category:Afrikaans terms with IPA pronunciation	Afrikaans
7406786	14	Category:Aghwan terms with IPA pronunciation	Aghwan
6084017	14	Category:Aguacateca terms with IPA pronunciation	Aguacateca
6071212	14	Category:Agutaynen terms with IPA pronunciation	Agutaynen
4972953	14	Category:Ahtna terms with IPA pronunciation	Ahtna
8690883	14	Category:Ai-Cham terms with IPA pronunciation	Ai-Cham
4688477	14	Category:Ainu terms with IPA pronunciation	Ainu
5787576	14	Category:Aiton terms with IPA pronunciation	Aiton
5842757	14	Category:Ajië terms with IPA pronunciation	Ajië
4688920	14	Category:Akan terms with IPA pronunciation	Akan
5462339	14	Category:Akha terms with IPA pronunciation	Akha
4691448	14	Category:Akkadian terms with IPA pronunciation	Akkadian
5071332	14	Category:Aklanon terms with IPA pronunciation	Aklanon
5429481	14	Category:Akoye terms with IPA pronunciation	Akoye
5388462	14	Category:Akuntsu terms with IPA pronunciation	Akuntsu
4691501	14	Category:Alamblak terms with IPA pronunciation	Alamblak
4688115	14	Category:Albanian terms with IPA pronunciation	Albanian
8007693	14	Category:Alekano terms with IPA pronunciation	Alekano
4688362	14	Category:Alemannic German terms with IPA pronunciation	Alemannic German
4688807	14	Category:Aleut terms with IPA pronunciation	Aleut
7441879	14	Category:Algerian Arabic terms with IPA pronunciation	Algerian Arabic
4688719	14	Category:Algonquin terms with IPA pronunciation	Algonquin
4688880	14	Category:Alutor terms with IPA pronunciation	Alutor
4688498	14	Category:Alviri-Vidari terms with IPA pronunciation	Alviri-Vidari
4688421	14	Category:Ama terms with IPA pronunciation	Ama
4688841	14	Category:Amanab terms with IPA pronunciation	Amanab
7624100	14	Category:Ambonese Malay terms with IPA pronunciation	Ambonese Malay
4691498	14	Category:Ambulas terms with IPA pronunciation	Ambulas
4688496	14	Category:Amharic terms with IPA pronunciation	Amharic
7187926	14	Category:Amis terms with IPA pronunciation	Amis
8146651	14	Category:Anakalangu terms with IPA pronunciation	Anakalangu
6078049	14	Category:Anal terms with IPA pronunciation	Anal
4688358	14	Category:Ancient Greek terms with IPA pronunciation	Ancient Greek
7307289	14	Category:Andalusian Arabic terms with IPA pronunciation	Andalusian Arabic
4688823	14	Category:Aneme Wake terms with IPA pronunciation	Aneme Wake
4691357	14	Category:Angaataha terms with IPA pronunciation	Angaataha
7936777	14	Category:Angika terms with IPA pronunciation	Angika
7334269	14	Category:Angloromani terms with IPA pronunciation	Angloromani
4688926	14	Category:Angor terms with IPA pronunciation	Angor
7300969	14	Category:Anindilyakwa terms with IPA pronunciation	Anindilyakwa
6846676	14	Category:Anjam terms with IPA pronunciation	Anjam
4688918	14	Category:Ankave terms with IPA pronunciation	Ankave
7307294	14	Category:Anufo terms with IPA pronunciation	Anufo
4691429	14	Category:Ao terms with IPA pronunciation	Ao
4691428	14	Category:Apalaí terms with IPA pronunciation	Apalaí
6161005	14	Category:Apiaká terms with IPA pronunciation	Apiaká
4703354	14	Category:Apinayé terms with IPA pronunciation	Apinayé
4687273	14	Category:Arabic terms with IPA pronunciation	Arabic
4688451	14	Category:Aragonese terms with IPA pronunciation	Aragonese
8527666	14	Category:Araki terms with IPA pronunciation	Araki
4688113	14	Category:Aramaic terms with IPA pronunciation	Aramaic
6637115	14	Category:Arapaho terms with IPA pronunciation	Arapaho
6136373	14	Category:Arara-Karo terms with IPA pronunciation	Arara-Karo
4688871	14	Category:Arawak terms with IPA pronunciation	Arawak
4688471	14	Category:Archi terms with IPA pronunciation	Archi
7399175	14	Category:Arem terms with IPA pronunciation	Arem
8183735	14	Category:Argobba terms with IPA pronunciation	Argobba
4688164	14	Category:Armenian terms with IPA pronunciation	Armenian
4688414	14	Category:Aromanian terms with IPA pronunciation	Aromanian
6115706	14	Category:Arop-Lokep terms with IPA pronunciation	Arop-Lokep
6550210	14	Category:Ashokan Prakrit terms with IPA pronunciation	Ashokan Prakrit
5106867	14	Category:Assamese terms with IPA pronunciation	Assamese
4691450	14	Category:Assyrian Neo-Aramaic terms with IPA pronunciation	Assyrian Neo-Aramaic
4688336	14	Category:Asturian terms with IPA pronunciation	Asturian
8728413	14	Category:Atayal terms with IPA pronunciation	Atayal
5779030	14	Category:Atong (India) terms with IPA pronunciation	Atong (India)
4688795	14	Category:Avar terms with IPA pronunciation	Avar
4691496	14	Category:Avestan terms with IPA pronunciation	Avestan
7587824	14	Category:Awabakal terms with IPA pronunciation	Awabakal
4688490	14	Category:Aymara terms with IPA pronunciation	Aymara
5570654	14	Category:Aynu terms with IPA pronunciation	Aynu
4688212	14	Category:Azerbaijani terms with IPA pronunciation	Azerbaijani
8738034	14	Category:Baatonum terms with IPA pronunciation	Baatonum
6246411	14	Category:Babanki terms with IPA pronunciation	Babanki
5106915	14	Category:Babole terms with IPA pronunciation	Babole
4688819	14	Category:Bactrian terms with IPA pronunciation	Bactrian
5790751	14	Category:Baha terms with IPA pronunciation	Baha
6620192	14	Category:Baharna Arabic terms with IPA pronunciation	Baharna Arabic
4819499	14	Category:Bahnar terms with IPA pronunciation	Bahnar
5842722	14	Category:Baiso terms with IPA pronunciation	Baiso
6293550	14	Category:Bakairí terms with IPA pronunciation	Bakairí
7659164	14	Category:Bakhtiari terms with IPA pronunciation	Bakhtiari
6293553	14	Category:Bakoko terms with IPA pronunciation	Bakoko
8346149	14	Category:Balantak terms with IPA pronunciation	Balantak
6002263	14	Category:Balinese terms with IPA pronunciation	Balinese
6847389	14	Category:Balti terms with IPA pronunciation	Balti
5388547	14	Category:Baluchi terms with IPA pronunciation	Baluchi
6580981	14	Category:Bambara terms with IPA pronunciation	Bambara
6281807	14	Category:Bandjalang terms with IPA pronunciation	Bandjalang
4688917	14	Category:Banjarese terms with IPA pronunciation	Banjarese
8072896	14	Category:Bantawa terms with IPA pronunciation	Bantawa
8547055	14	Category:Banyumasan terms with IPA pronunciation	Banyumasan
7300973	14	Category:Baoule terms with IPA pronunciation	Baoule
6136322	14	Category:Bargam terms with IPA pronunciation	Bargam
5388357	14	Category:Bariai terms with IPA pronunciation	Bariai
6268335	14	Category:Barngarla terms with IPA pronunciation	Barngarla
6205123	14	Category:Barunggam terms with IPA pronunciation	Barunggam
4688143	14	Category:Bashkir terms with IPA pronunciation	Bashkir
4688330	14	Category:Basque terms with IPA pronunciation	Basque
6581515	14	Category:Bassa terms with IPA pronunciation	Bassa
6286080	14	Category:Bathari terms with IPA pronunciation	Bathari
7844466	14	Category:Bats terms with IPA pronunciation	Bats
6213522	14	Category:Batui terms with IPA pronunciation	Batui
4688773	14	Category:Baure terms with IPA pronunciation	Baure
5601148	14	Category:Bavarian terms with IPA pronunciation	Bavarian
5388396	14	Category:Beaver terms with IPA pronunciation	Beaver
6298997	14	Category:Bedjond terms with IPA pronunciation	Bedjond
6268424	14	Category:Belait terms with IPA pronunciation	Belait
4688423	14	Category:Belarusian terms with IPA pronunciation	Belarusian
4691305	14	Category:Bella Coola terms with IPA pronunciation	Bella Coola
4688384	14	Category:Bengali terms with IPA pronunciation	Bengali
8541127	14	Category:Betawi terms with IPA pronunciation	Betawi
7906346	14	Category:Bezhta terms with IPA pronunciation	Bezhta
6293576	14	Category:Bhilali terms with IPA pronunciation	Bhilali
6656044	14	Category:Biao terms with IPA pronunciation	Biao
6652557	14	Category:Biao Mon terms with IPA pronunciation	Biao Mon
4688800	14	Category:Bikol Central terms with IPA pronunciation	Bikol Central
6286082	14	Category:Bimin terms with IPA pronunciation	Bimin
6652646	14	Category:Binukid terms with IPA pronunciation	Binukid
7800624	14	Category:Birwa terms with IPA pronunciation	Birwa
5605748	14	Category:Bishnupriya Manipuri terms with IPA pronunciation	Bishnupriya Manipuri
4691489	14	Category:Bislama terms with IPA pronunciation	Bislama
6758263	14	Category:Blagar terms with IPA pronunciation	Blagar
5429441	14	Category:Bodo (India) terms with IPA pronunciation	Bodo (India)
4691439	14	Category:Bolinao terms with IPA pronunciation	Bolinao
6246403	14	Category:Bolyu terms with IPA pronunciation	Bolyu
5388350	14	Category:Bonan terms with IPA pronunciation	Bonan
7441939	14	Category:Bonggi terms with IPA pronunciation	Bonggi
5388235	14	Category:Bora terms with IPA pronunciation	Bora
4688417	14	Category:Borôro terms with IPA pronunciation	Borôro
5701024	14	Category:Bourguignon terms with IPA pronunciation	Bourguignon
7154588	14	Category:Bouyei terms with IPA pronunciation	Bouyei
5654228	14	Category:Brahui terms with IPA pronunciation	Brahui
6794430	14	Category:Braj terms with IPA pronunciation	Braj
4688173	14	Category:Breton terms with IPA pronunciation	Breton
7339027	14	Category:Brunei Malay terms with IPA pronunciation	Brunei Malay
6293581	14	Category:Budza terms with IPA pronunciation	Budza
6246401	14	Category:Bugan terms with IPA pronunciation	Bugan
4688494	14	Category:Buginese terms with IPA pronunciation	Buginese
6652606	14	Category:Buhi'non Bikol terms with IPA pronunciation	Buhi'non Bikol
5656899	14	Category:Buhid terms with IPA pronunciation	Buhid
6581880	14	Category:Bukiyip terms with IPA pronunciation	Bukiyip
4687264	14	Category:Bulgarian terms with IPA pronunciation	Bulgarian
7487070	14	Category:Bumthangkha terms with IPA pronunciation	Bumthangkha
6652893	14	Category:Bunama terms with IPA pronunciation	Bunama
6557944	14	Category:Bundeli terms with IPA pronunciation	Bundeli
7510322	14	Category:Bunun terms with IPA pronunciation	Bunun
6391716	14	Category:Buol terms with IPA pronunciation	Buol
6582030	14	Category:Bura terms with IPA pronunciation	Bura
4688344	14	Category:Burmese terms with IPA pronunciation	Burmese
5593739	14	Category:Burushaski terms with IPA pronunciation	Burushaski
4967355	14	Category:Buryat terms with IPA pronunciation	Buryat
6652959	14	Category:Bwatoo terms with IPA pronunciation	Bwatoo
5405763	14	Category:Cacua terms with IPA pronunciation	Cacua
4688934	14	Category:Cahuilla terms with IPA pronunciation	Cahuilla
7390345	14	Category:Calamian Tagbanwa terms with IPA pronunciation	Calamian Tagbanwa
7601747	14	Category:Caló terms with IPA pronunciation	Caló
6071124	14	Category:Camarines Norte Agta terms with IPA pronunciation	Camarines Norte Agta
8511764	14	Category:Cameroon Pidgin terms with IPA pronunciation	Cameroon Pidgin
7749644	14	Category:Canela terms with IPA pronunciation	Canela
4688166	14	Category:Cantonese terms with IPA pronunciation	Cantonese
7936783	14	Category:Car Nicobarese terms with IPA pronunciation	Car Nicobarese
4981670	14	Category:Carolinian terms with IPA pronunciation	Carolinian
6833752	14	Category:Carrier terms with IPA pronunciation	Carrier
4687537	14	Category:Catalan terms with IPA pronunciation	Catalan
4691415	14	Category:Catawba terms with IPA pronunciation	Catawba
5671556	14	Category:Cazcan terms with IPA pronunciation	Cazcan
4981655	14	Category:Cebuano terms with IPA pronunciation	Cebuano
4688809	14	Category:Central Atlas Tamazight terms with IPA pronunciation	Central Atlas Tamazight
5409616	14	Category:Central Bai terms with IPA pronunciation	Central Bai
4978538	14	Category:Central Franconian terms with IPA pronunciation	Central Franconian
6852662	14	Category:Central Huasteca Nahuatl terms with IPA pronunciation	Central Huasteca Nahuatl
4688805	14	Category:Central Kurdish terms with IPA pronunciation	Central Kurdish
7789641	14	Category:Central Mazahua terms with IPA pronunciation	Central Mazahua
4688408	14	Category:Central Nahuatl terms with IPA pronunciation	Central Nahuatl
8096199	14	Category:Central Nicobarese terms with IPA pronunciation	Central Nicobarese
6781293	14	Category:Central Sierra Miwok terms with IPA pronunciation	Central Sierra Miwok
8677228	14	Category:Chadong terms with IPA pronunciation	Chadong
8096237	14	Category:Chagatai terms with IPA pronunciation	Chagatai
6633956	14	Category:Chakma terms with IPA pronunciation	Chakma
4688733	14	Category:Chamicuro terms with IPA pronunciation	Chamicuro
4688868	14	Category:Chamorro terms with IPA pronunciation	Chamorro
7629705	14	Category:Chayuco Mixtec terms with IPA pronunciation	Chayuco Mixtec
4688764	14	Category:Chechen terms with IPA pronunciation	Chechen
7300983	14	Category:Chepang terms with IPA pronunciation	Chepang
4688754	14	Category:Cherokee terms with IPA pronunciation	Cherokee
6652987	14	Category:Chewong terms with IPA pronunciation	Chewong
4691449	14	Category:Cheyenne terms with IPA pronunciation	Cheyenne
8039441	14	Category:Chibcha terms with IPA pronunciation	Chibcha
5790296	14	Category:Chichewa terms with IPA pronunciation	Chichewa
7476942	14	Category:Chichimeca-Jonaz terms with IPA pronunciation	Chichimeca-Jonaz
4828942	14	Category:Chickasaw terms with IPA pronunciation	Chickasaw
5787593	14	Category:Chimalapa Zoque terms with IPA pronunciation	Chimalapa Zoque
4687072	14	Category:Chinese terms with IPA pronunciation	Chinese
7641789	14	Category:Chinook Jargon terms with IPA pronunciation	Chinook Jargon
7149301	14	Category:Chipewyan terms with IPA pronunciation	Chipewyan
5662772	14	Category:Chiquimulilla terms with IPA pronunciation	Chiquimulilla
4688945	14	Category:Chiricahua terms with IPA pronunciation	Chiricahua
7154876	14	Category:Chocangaca terms with IPA pronunciation	Chocangaca
4688827	14	Category:Choctaw terms with IPA pronunciation	Choctaw
7502171	14	Category:Chong terms with IPA pronunciation	Chong
4688933	14	Category:Chuanqiandian Cluster Miao terms with IPA pronunciation	Chuanqiandian Cluster Miao
4688928	14	Category:Chukchi terms with IPA pronunciation	Chukchi
7402517	14	Category:Chut terms with IPA pronunciation	Chut
4820295	14	Category:Chuukese terms with IPA pronunciation	Chuukese
4688468	14	Category:Chuvash terms with IPA pronunciation	Chuvash
5110688	14	Category:Cia-Cia terms with IPA pronunciation	Cia-Cia
5671574	14	Category:Ciguayo terms with IPA pronunciation	Ciguayo
4688916	14	Category:Cimbrian terms with IPA pronunciation	Cimbrian
7514212	14	Category:Classical Mandaic terms with IPA pronunciation	Classical Mandaic
8096246	14	Category:Classical Mongolian terms with IPA pronunciation	Classical Mongolian
4687583	14	Category:Classical Nahuatl terms with IPA pronunciation	Classical Nahuatl
4688174	14	Category:Classical Syriac terms with IPA pronunciation	Classical Syriac
4691363	14	Category:Coast Miwok terms with IPA pronunciation	Coast Miwok
8285056	14	Category:Coastal Konjo terms with IPA pronunciation	Coastal Konjo
8280629	14	Category:Coatepec Nahuatl terms with IPA pronunciation	Coatepec Nahuatl
4688780	14	Category:Coatlán Mixe terms with IPA pronunciation	Coatlán Mixe
5712517	14	Category:Cofán terms with IPA pronunciation	Cofán
4691493	14	Category:Comanche terms with IPA pronunciation	Comanche
7624524	14	Category:Copala Triqui terms with IPA pronunciation	Copala Triqui
5098744	14	Category:Coptic terms with IPA pronunciation	Coptic
4688343	14	Category:Cornish terms with IPA pronunciation	Cornish
4688424	14	Category:Corsican terms with IPA pronunciation	Corsican
4691356	14	Category:Creek terms with IPA pronunciation	Creek
8636842	14	Category:Crimean Gothic terms with IPA pronunciation	Crimean Gothic
4688860	14	Category:Crimean Tatar terms with IPA pronunciation	Crimean Tatar
7255704	14	Category:Crow terms with IPA pronunciation	Crow
5787893	14	Category:Cun terms with IPA pronunciation	Cun
6223609	14	Category:Cupeño terms with IPA pronunciation	Cupeño
4686975	14	Category:Czech terms with IPA pronunciation	Czech
6299166	14	Category:Daba terms with IPA pronunciation	Daba
6228170	14	Category:Dahalo terms with IPA pronunciation	Dahalo
8280642	14	Category:Dairi Batak terms with IPA pronunciation	Dairi Batak
4688955	14	Category:Dakota terms with IPA pronunciation	Dakota
4688393	14	Category:Dalmatian terms with IPA pronunciation	Dalmatian
4686901	14	Category:Danish terms with IPA pronunciation	Danish
8370663	14	Category:Darkinjung terms with IPA pronunciation	Darkinjung
7324455	14	Category:Datooga terms with IPA pronunciation	Datooga
5945213	14	Category:Daur terms with IPA pronunciation	Daur
4972894	14	Category:Deg Xinag terms with IPA pronunciation	Deg Xinag
7841366	14	Category:Demotic terms with IPA pronunciation	Demotic
4972903	14	Category:Dena'ina terms with IPA pronunciation	Dena'ina
5462441	14	Category:Desano terms with IPA pronunciation	Desano
6318218	14	Category:Dharug terms with IPA pronunciation	Dharug
4688834	14	Category:Dhivehi terms with IPA pronunciation	Dhivehi
8007713	14	Category:Dinka terms with IPA pronunciation	Dinka
8280646	14	Category:Dogrib terms with IPA pronunciation	Dogrib
7112883	14	Category:Dolgan terms with IPA pronunciation	Dolgan
7101019	14	Category:Domari terms with IPA pronunciation	Domari
5880228	14	Category:Dongxiang terms with IPA pronunciation	Dongxiang
4833821	14	Category:Dorig terms with IPA pronunciation	Dorig
6637155	14	Category:Drehu terms with IPA pronunciation	Drehu
8048364	14	Category:Duala terms with IPA pronunciation	Duala
7492122	14	Category:Dukhan terms with IPA pronunciation	Dukhan
6637481	14	Category:Dumbea terms with IPA pronunciation	Dumbea
5782984	14	Category:Dumi terms with IPA pronunciation	Dumi
6532422	14	Category:Dungan terms with IPA pronunciation	Dungan
6115719	14	Category:Dupaningan Agta terms with IPA pronunciation	Dupaningan Agta
4686902	14	Category:Dutch terms with IPA pronunciation	Dutch
4688478	14	Category:Dutch Low Saxon terms with IPA pronunciation	Dutch Low Saxon
7814421	14	Category:Dyula terms with IPA pronunciation	Dyula
6975499	14	Category:Dzongkha terms with IPA pronunciation	Dzongkha
5568780	14	Category:Dâw terms with IPA pronunciation	Dâw
5787851	14	Category:E'ma Buyang terms with IPA pronunciation	E'ma Buyang
8656333	14	Category:Early Modern Korean terms with IPA pronunciation	Early Modern Korean
6637027	14	Category:East Central German terms with IPA pronunciation	East Central German
5106508	14	Category:East Futuna terms with IPA pronunciation	East Futuna
6031710	14	Category:East Yugur terms with IPA pronunciation	East Yugur
8438691	14	Category:Eastern Bru terms with IPA pronunciation	Eastern Bru
8499477	14	Category:Eastern Cham terms with IPA pronunciation	Eastern Cham
7732077	14	Category:Eastern Huasteca Nahuatl terms with IPA pronunciation	Eastern Huasteca Nahuatl
8430603	14	Category:Eastern Katu terms with IPA pronunciation	Eastern Katu
7932190	14	Category:Eastern Lawa terms with IPA pronunciation	Eastern Lawa
7918278	14	Category:Eastern Magar terms with IPA pronunciation	Eastern Magar
4691417	14	Category:Eastern Mari terms with IPA pronunciation	Eastern Mari
4800188	14	Category:Eastern Mnong terms with IPA pronunciation	Eastern Mnong
6890212	14	Category:Eastern Pwo terms with IPA pronunciation	Eastern Pwo
7918317	14	Category:Eastern Tamang terms with IPA pronunciation	Eastern Tamang
7227437	14	Category:Edo terms with IPA pronunciation	Edo
8575381	14	Category:Edomite terms with IPA pronunciation	Edomite
5388266	14	Category:Efutop terms with IPA pronunciation	Efutop
4688369	14	Category:Egyptian terms with IPA pronunciation	Egyptian
4687271	14	Category:Egyptian Arabic terms with IPA pronunciation	Egyptian Arabic
4688913	14	Category:Elfdalian terms with IPA pronunciation	Elfdalian
6161009	14	Category:Emerillon terms with IPA pronunciation	Emerillon
4688810	14	Category:Emilian terms with IPA pronunciation	Emilian
4686854	14	Category:English terms with IPA pronunciation	English
4760994	14	Category:Erzya terms with IPA pronunciation	Erzya
4687538	14	Category:Esperanto terms with IPA pronunciation	Esperanto
4688360	14	Category:Estonian terms with IPA pronunciation	Estonian
4691368	14	Category:Eton (Cameroon) terms with IPA pronunciation	Eton (Cameroon)
4688735	14	Category:Etruscan terms with IPA pronunciation	Etruscan
6325061	14	Category:Even terms with IPA pronunciation	Even
6043688	14	Category:Evenki terms with IPA pronunciation	Evenki
4688221	14	Category:Ewe terms with IPA pronunciation	Ewe
4688769	14	Category:Extremaduran terms with IPA pronunciation	Extremaduran
4688857	14	Category:Fala terms with IPA pronunciation	Fala
4687905	14	Category:Faliscan terms with IPA pronunciation	Faliscan
7309542	14	Category:Farefare terms with IPA pronunciation	Farefare
4686903	14	Category:Faroese terms with IPA pronunciation	Faroese
4688348	14	Category:Fiji Hindi terms with IPA pronunciation	Fiji Hindi
4688798	14	Category:Fijian terms with IPA pronunciation	Fijian
4688094	14	Category:Finnish terms with IPA pronunciation	Finnish
4691494	14	Category:Fox terms with IPA pronunciation	Fox
7354861	14	Category:Francisco León Zoque terms with IPA pronunciation	Francisco León Zoque
4688725	14	Category:Franco-Provençal terms with IPA pronunciation	Franco-Provençal
4686850	14	Category:French terms with IPA pronunciation	French
4688765	14	Category:Friulian terms with IPA pronunciation	Friulian
5660123	14	Category:Fula terms with IPA pronunciation	Fula
4688411	14	Category:Ga terms with IPA pronunciation	Ga
4688843	14	Category:Gagauz terms with IPA pronunciation	Gagauz
4688353	14	Category:Galician terms with IPA pronunciation	Galician
4688837	14	Category:Gallo terms with IPA pronunciation	Gallo
5871912	14	Category:Gallurese terms with IPA pronunciation	Gallurese
7927152	14	Category:Gamale Kham terms with IPA pronunciation	Gamale Kham
4688355	14	Category:Gamilaraay terms with IPA pronunciation	Gamilaraay
8044306	14	Category:Gandhari terms with IPA pronunciation	Gandhari
8149477	14	Category:Garhwali terms with IPA pronunciation	Garhwali
6567180	14	Category:Garifuna terms with IPA pronunciation	Garifuna
7744138	14	Category:Garo terms with IPA pronunciation	Garo
4688716	14	Category:Gaulish terms with IPA pronunciation	Gaulish
8348169	14	Category:Gayo terms with IPA pronunciation	Gayo
8188021	14	Category:Ge'ez terms with IPA pronunciation	Ge'ez
4686893	14	Category:Georgian terms with IPA pronunciation	Georgian
4686852	14	Category:German terms with IPA pronunciation	German
4688359	14	Category:German Low German terms with IPA pronunciation	German Low German
8007724	14	Category:Ghari terms with IPA pronunciation	Ghari
4836139	14	Category:Gilbertese terms with IPA pronunciation	Gilbertese
5429227	14	Category:Gobasi terms with IPA pronunciation	Gobasi
4691308	14	Category:Goemai terms with IPA pronunciation	Goemai
4688881	14	Category:Golin terms with IPA pronunciation	Golin
6908187	14	Category:Gong terms with IPA pronunciation	Gong
6299168	14	Category:Gor terms with IPA pronunciation	Gor
5367036	14	Category:Gorontalo terms with IPA pronunciation	Gorontalo
4687269	14	Category:Gothic terms with IPA pronunciation	Gothic
8730529	14	Category:Gottscheerish terms with IPA pronunciation	Gottscheerish
4688117	14	Category:Greek terms with IPA pronunciation	Greek
4688465	14	Category:Greenlandic terms with IPA pronunciation	Greenlandic
4691348	14	Category:Guajajára terms with IPA pronunciation	Guajajára
6161254	14	Category:Guajá terms with IPA pronunciation	Guajá
4691422	14	Category:Guaraní terms with IPA pronunciation	Guaraní
7370129	14	Category:Guerrero Nahuatl terms with IPA pronunciation	Guerrero Nahuatl
5791066	14	Category:Guiqiong terms with IPA pronunciation	Guiqiong
4688760	14	Category:Gujarati terms with IPA pronunciation	Gujarati
6299171	14	Category:Gulay terms with IPA pronunciation	Gulay
4691401	14	Category:Gulf Arabic terms with IPA pronunciation	Gulf Arabic
5592073	14	Category:Gullah terms with IPA pronunciation	Gullah
8584299	14	Category:Gun terms with IPA pronunciation	Gun
6775268	14	Category:Gunwinggu terms with IPA pronunciation	Gunwinggu
7324479	14	Category:Gurani terms with IPA pronunciation	Gurani
6060380	14	Category:Gutnish terms with IPA pronunciation	Gutnish
4688402	14	Category:Guugu Yimidhirr terms with IPA pronunciation	Guugu Yimidhirr
8007746	14	Category:Gweno terms with IPA pronunciation	Gweno
4691329	14	Category:Gwich'in terms with IPA pronunciation	Gwich'in
4958919	14	Category:Hadza terms with IPA pronunciation	Hadza
6640572	14	Category:Haeke terms with IPA pronunciation	Haeke
5188767	14	Category:Haida terms with IPA pronunciation	Haida
4688833	14	Category:Haitian Creole terms with IPA pronunciation	Haitian Creole
7461773	14	Category:Halkomelem terms with IPA pronunciation	Halkomelem
8508330	14	Category:Hani terms with IPA pronunciation	Hani
8185201	14	Category:Harari terms with IPA pronunciation	Harari
4688939	14	Category:Hassaniya terms with IPA pronunciation	Hassaniya
4691370	14	Category:Hausa terms with IPA pronunciation	Hausa
6640574	14	Category:Haveke terms with IPA pronunciation	Haveke
4688404	14	Category:Hawaiian terms with IPA pronunciation	Hawaiian
4688125	14	Category:Hebrew terms with IPA pronunciation	Hebrew
4927199	14	Category:Heiltsuk terms with IPA pronunciation	Heiltsuk
5787825	14	Category:Highland Popoluca terms with IPA pronunciation	Highland Popoluca
7737926	14	Category:Highland Puebla Nahuatl terms with IPA pronunciation	Highland Puebla Nahuatl
4691435	14	Category:Hijazi Arabic terms with IPA pronunciation	Hijazi Arabic
4688432	14	Category:Hiligaynon terms with IPA pronunciation	Hiligaynon
4687076	14	Category:Hindi terms with IPA pronunciation	Hindi
7906338	14	Category:Hinukh terms with IPA pronunciation	Hinukh
4691354	14	Category:Hittite terms with IPA pronunciation	Hittite
6466095	14	Category:Hlai terms with IPA pronunciation	Hlai
4972914	14	Category:Holikachuk terms with IPA pronunciation	Holikachuk
7447655	14	Category:Hopi terms with IPA pronunciation	Hopi
5791330	14	Category:Horpa terms with IPA pronunciation	Horpa
5660243	14	Category:Hote terms with IPA pronunciation	Hote
8482791	14	Category:Hre terms with IPA pronunciation	Hre
8146619	14	Category:Huaxcaleca Nahuatl terms with IPA pronunciation	Huaxcaleca Nahuatl
4687293	14	Category:Hungarian terms with IPA pronunciation	Hungarian
4688479	14	Category:Hunsrik terms with IPA pronunciation	Hunsrik
7906349	14	Category:Hunzib terms with IPA pronunciation	Hunzib
5791263	14	Category:Hupa terms with IPA pronunciation	Hupa
7301009	14	Category:Hutterisch terms with IPA pronunciation	Hutterisch
6627749	14	Category:Hän terms with IPA pronunciation	Hän
4688877	14	Category:Iban terms with IPA pronunciation	Iban
8285103	14	Category:Ibanag terms with IPA pronunciation	Ibanag
5701419	14	Category:Iberian terms with IPA pronunciation	Iberian
4686895	14	Category:Icelandic terms with IPA pronunciation	Icelandic
4688410	14	Category:Ido terms with IPA pronunciation	Ido
5791204	14	Category:Idu terms with IPA pronunciation	Idu
8744245	14	Category:Ifè terms with IPA pronunciation	Ifè
8280816	14	Category:Igala terms with IPA pronunciation	Igala
7162966	14	Category:Igbo terms with IPA pronunciation	Igbo
8617778	14	Category:Igede terms with IPA pronunciation	Igede
4999476	14	Category:Ilocano terms with IPA pronunciation	Ilocano
4688838	14	Category:Inari Sami terms with IPA pronunciation	Inari Sami
4688387	14	Category:Indonesian terms with IPA pronunciation	Indonesian
7709382	14	Category:Ingrian terms with IPA pronunciation	Ingrian
6673279	14	Category:Ingush terms with IPA pronunciation	Ingush
4688258	14	Category:Interlingua terms with IPA pronunciation	Interlingua
4688832	14	Category:Inuktitut terms with IPA pronunciation	Inuktitut
7179372	14	Category:Iraqi Arabic terms with IPA pronunciation	Iraqi Arabic
5601176	14	Category:Iraqw terms with IPA pronunciation	Iraqw
8630795	14	Category:Iriga Bicolano terms with IPA pronunciation	Iriga Bicolano
4687485	14	Category:Irish terms with IPA pronunciation	Irish
4688825	14	Category:Isan terms with IPA pronunciation	Isan
4688463	14	Category:Isthmus Zapotec terms with IPA pronunciation	Isthmus Zapotec
4688406	14	Category:Istro-Romanian terms with IPA pronunciation	Istro-Romanian
4686974	14	Category:Italian terms with IPA pronunciation	Italian
7962810	14	Category:Italiot Greek terms with IPA pronunciation	Italiot Greek
6822308	14	Category:Ivatan terms with IPA pronunciation	Ivatan
6286104	14	Category:Iwam terms with IPA pronunciation	Iwam
7307374	14	Category:Jabutí terms with IPA pronunciation	Jabutí
4688894	14	Category:Jamaican Creole terms with IPA pronunciation	Jamaican Creole
6581388	14	Category:Jamamadí terms with IPA pronunciation	Jamamadí
5604350	14	Category:Jamtish terms with IPA pronunciation	Jamtish
4687074	14	Category:Japanese terms with IPA pronunciation	Japanese
5376298	14	Category:Jarai terms with IPA pronunciation	Jarai
7893090	14	Category:Jarawa terms with IPA pronunciation	Jarawa
4688801	14	Category:Javanese terms with IPA pronunciation	Javanese
7359567	14	Category:Jeju terms with IPA pronunciation	Jeju
4688752	14	Category:Jersey Dutch terms with IPA pronunciation	Jersey Dutch
7936763	14	Category:Jeru terms with IPA pronunciation	Jeru
4688381	14	Category:Jingpho terms with IPA pronunciation	Jingpho
4812983	14	Category:Judeo-Tat terms with IPA pronunciation	Judeo-Tat
5671553	14	Category:Jumaytepeque terms with IPA pronunciation	Jumaytepeque
7852965	14	Category:Jurúna terms with IPA pronunciation	Jurúna
7599451	14	Category:Jutish terms with IPA pronunciation	Jutish
8357700	14	Category:Juǀ'hoan terms with IPA pronunciation	Juǀ'hoan
7261824	14	Category:K'iche' terms with IPA pronunciation	K'iche'
4688723	14	Category:Kabardian terms with IPA pronunciation	Kabardian
4688921	14	Category:Kabuverdianu terms with IPA pronunciation	Kabuverdianu
4688784	14	Category:Kabyle terms with IPA pronunciation	Kabyle
5842603	14	Category:Kachama-Ganjule terms with IPA pronunciation	Kachama-Ganjule
8183806	14	Category:Kachchi terms with IPA pronunciation	Kachchi
4688902	14	Category:Kaingang terms with IPA pronunciation	Kaingang
7498201	14	Category:Kajaman terms with IPA pronunciation	Kajaman
6254180	14	Category:Kala terms with IPA pronunciation	Kala
6807927	14	Category:Kalami terms with IPA pronunciation	Kalami
6372562	14	Category:Kalasha terms with IPA pronunciation	Kalasha
4688890	14	Category:Kalmyk terms with IPA pronunciation	Kalmyk
6762633	14	Category:Kalo Finnish Romani terms with IPA pronunciation	Kalo Finnish Romani
4688884	14	Category:Kamayurá terms with IPA pronunciation	Kamayurá
6483855	14	Category:Kamba terms with IPA pronunciation	Kamba
8146689	14	Category:Kambera terms with IPA pronunciation	Kambera
6900102	14	Category:Kamkata-viri terms with IPA pronunciation	Kamkata-viri
7749776	14	Category:Kamta terms with IPA pronunciation	Kamta
8546977	14	Category:Kangean terms with IPA pronunciation	Kangean
8077208	14	Category:Kangri terms with IPA pronunciation	Kangri
7983562	14	Category:Kankanaey terms with IPA pronunciation	Kankanaey
4688803	14	Category:Kannada terms with IPA pronunciation	Kannada
4688875	14	Category:Kanoé terms with IPA pronunciation	Kanoé
6205030	14	Category:Kanuri terms with IPA pronunciation	Kanuri
4688731	14	Category:Kapampangan terms with IPA pronunciation	Kapampangan
7298057	14	Category:Kaqchikel terms with IPA pronunciation	Kaqchikel
7487090	14	Category:Karachay-Balkar terms with IPA pronunciation	Karachay-Balkar
4688970	14	Category:Karakalpak terms with IPA pronunciation	Karakalpak
4688729	14	Category:Karelian terms with IPA pronunciation	Karelian
4688750	14	Category:Karipúna Creole French terms with IPA pronunciation	Karipúna Creole French
5718584	14	Category:Karkar-Yuri terms with IPA pronunciation	Karkar-Yuri
8193475	14	Category:Karo Batak terms with IPA pronunciation	Karo Batak
7810597	14	Category:Kasem terms with IPA pronunciation	Kasem
5083824	14	Category:Kashmiri terms with IPA pronunciation	Kashmiri
4688395	14	Category:Kashubian terms with IPA pronunciation	Kashubian
6268007	14	Category:Kaurna terms with IPA pronunciation	Kaurna
7510363	14	Category:Kavalan terms with IPA pronunciation	Kavalan
7400748	14	Category:Kawésqar terms with IPA pronunciation	Kawésqar
7852510	14	Category:Kayapó terms with IPA pronunciation	Kayapó
4688830	14	Category:Kaytetye terms with IPA pronunciation	Kaytetye
4688445	14	Category:Kazakh terms with IPA pronunciation	Kazakh
4688454	14	Category:Kedah Malay terms with IPA pronunciation	Kedah Malay
6136446	14	Category:Kein terms with IPA pronunciation	Kein
7307438	14	Category:Kendayan terms with IPA pronunciation	Kendayan
6268840	14	Category:Kenga terms with IPA pronunciation	Kenga
6552751	14	Category:Kermanic terms with IPA pronunciation	Kermanic
4691346	14	Category:Ket terms with IPA pronunciation	Ket
4688742	14	Category:Khakas terms with IPA pronunciation	Khakas
7918263	14	Category:Kham terms with IPA pronunciation	Kham
8490025	14	Category:Khamnigan Mongol terms with IPA pronunciation	Khamnigan Mongol
8001604	14	Category:Khamti terms with IPA pronunciation	Khamti
4688790	14	Category:Khanty terms with IPA pronunciation	Khanty
7546625	14	Category:Khitan terms with IPA pronunciation	Khitan
4688363	14	Category:Khmer terms with IPA pronunciation	Khmer
4688897	14	Category:Khmu terms with IPA pronunciation	Khmu
4688895	14	Category:Khoekhoe terms with IPA pronunciation	Khoekhoe
7776209	14	Category:Kholosi terms with IPA pronunciation	Kholosi
5654173	14	Category:Khowar terms with IPA pronunciation	Khowar
8011756	14	Category:Khumi Chin terms with IPA pronunciation	Khumi Chin
7906339	14	Category:Khvarshi terms with IPA pronunciation	Khvarshi
8728753	14	Category:Khün terms with IPA pronunciation	Khün
5186377	14	Category:Kikai terms with IPA pronunciation	Kikai
5650537	14	Category:Kikuyu terms with IPA pronunciation	Kikuyu
4691292	14	Category:Kildin Sami terms with IPA pronunciation	Kildin Sami
4792291	14	Category:Kilivila terms with IPA pronunciation	Kilivila
4691433	14	Category:Kinikinao terms with IPA pronunciation	Kinikinao
5783178	14	Category:Kiowa terms with IPA pronunciation	Kiowa
4691431	14	Category:Klamath-Modoc terms with IPA pronunciation	Klamath-Modoc
8146697	14	Category:Kodi terms with IPA pronunciation	Kodi
5783078	14	Category:Kohistani Shina terms with IPA pronunciation	Kohistani Shina
5605089	14	Category:Kokborok terms with IPA pronunciation	Kokborok
7500295	14	Category:Komi-Permyak terms with IPA pronunciation	Komi-Permyak
4691427	14	Category:Komi-Zyrian terms with IPA pronunciation	Komi-Zyrian
6261848	14	Category:Konabéré terms with IPA pronunciation	Konabéré
6417531	14	Category:Konkani terms with IPA pronunciation	Konkani
5842777	14	Category:Koorete terms with IPA pronunciation	Koorete
4686824	14	Category:Korean terms with IPA pronunciation	Korean
7582238	14	Category:Koryak terms with IPA pronunciation	Koryak
6351204	14	Category:Kosraean terms with IPA pronunciation	Kosraean
4972965	14	Category:Koyukon terms with IPA pronunciation	Koyukon
7852832	14	Category:Krahô terms with IPA pronunciation	Krahô
4688720	14	Category:Kristang terms with IPA pronunciation	Kristang
8077185	14	Category:Kullu Pahari terms with IPA pronunciation	Kullu Pahari
6620222	14	Category:Kuman terms with IPA pronunciation	Kuman
7924634	14	Category:Kumarbhag Paharia terms with IPA pronunciation	Kumarbhag Paharia
7533963	14	Category:Kumyk terms with IPA pronunciation	Kumyk
7010993	14	Category:Kunigami terms with IPA pronunciation	Kunigami
7838001	14	Category:Kurtop terms with IPA pronunciation	Kurtop
7924636	14	Category:Kurukh terms with IPA pronunciation	Kurukh
8690981	14	Category:Kusaal terms with IPA pronunciation	Kusaal
7897567	14	Category:Kusunda terms with IPA pronunciation	Kusunda
4691425	14	Category:Kutenai terms with IPA pronunciation	Kutenai
6566637	14	Category:Kven terms with IPA pronunciation	Kven
6436345	14	Category:Kwak'wala terms with IPA pronunciation	Kwak'wala
6647840	14	Category:Kwangali terms with IPA pronunciation	Kwangali
4688732	14	Category:Kyrgyz terms with IPA pronunciation	Kyrgyz
4691421	14	Category:Kâte terms with IPA pronunciation	Kâte
7417162	14	Category:Laboya terms with IPA pronunciation	Laboya
4688851	14	Category:Lacandon terms with IPA pronunciation	Lacandon
4839773	14	Category:Ladin terms with IPA pronunciation	Ladin
4688497	14	Category:Ladino terms with IPA pronunciation	Ladino
5787908	14	Category:Laha (Vietnam) terms with IPA pronunciation	Laha (Vietnam)
7498205	14	Category:Lahanan terms with IPA pronunciation	Lahanan
6617515	14	Category:Lahu terms with IPA pronunciation	Lahu
6695174	14	Category:Lak terms with IPA pronunciation	Lak
4688495	14	Category:Lakota terms with IPA pronunciation	Lakota
5961083	14	Category:Lambadi terms with IPA pronunciation	Lambadi
4688138	14	Category:Lao terms with IPA pronunciation	Lao
7705624	14	Category:Lashi terms with IPA pronunciation	Lashi
4688447	14	Category:Latgalian terms with IPA pronunciation	Latgalian
4686847	14	Category:Latin terms with IPA pronunciation	Latin
4687295	14	Category:Latvian terms with IPA pronunciation	Latvian
4838904	14	Category:Laz terms with IPA pronunciation	Laz
4691373	14	Category:Lendu terms with IPA pronunciation	Lendu
7707082	14	Category:Leonese terms with IPA pronunciation	Leonese
6344507	14	Category:Lepcha terms with IPA pronunciation	Lepcha
5567377	14	Category:Leti (Indonesia) terms with IPA pronunciation	Leti (Indonesia)
4691345	14	Category:Lezgi terms with IPA pronunciation	Lezgi
5961064	14	Category:Lhao Vo terms with IPA pronunciation	Lhao Vo
4688222	14	Category:Libyan Arabic terms with IPA pronunciation	Libyan Arabic
4688425	14	Category:Ligurian terms with IPA pronunciation	Ligurian
5674092	14	Category:Limbu terms with IPA pronunciation	Limbu
4688341	14	Category:Limburgish terms with IPA pronunciation	Limburgish
4688874	14	Category:Lingala terms with IPA pronunciation	Lingala
8139442	14	Category:Lingao terms with IPA pronunciation	Lingao
8489657	14	Category:Lipo terms with IPA pronunciation	Lipo
8722565	14	Category:Lisu terms with IPA pronunciation	Lisu
4688092	14	Category:Lithuanian terms with IPA pronunciation	Lithuanian
4688219	14	Category:Livonian terms with IPA pronunciation	Livonian
4763570	14	Category:Livvi terms with IPA pronunciation	Livvi
8084934	14	Category:Lo-Toga terms with IPA pronunciation	Lo-Toga
7726305	14	Category:Lolopo terms with IPA pronunciation	Lolopo
4688392	14	Category:Lombard terms with IPA pronunciation	Lombard
8040466	14	Category:Louisiana Creole French terms with IPA pronunciation	Louisiana Creole French
8520474	14	Category:Lovono terms with IPA pronunciation	Lovono
4686900	14	Category:Low German terms with IPA pronunciation	Low German
4688022	14	Category:Lower Sorbian terms with IPA pronunciation	Lower Sorbian
4972900	14	Category:Lower Tanana terms with IPA pronunciation	Lower Tanana
8523517	14	Category:Ludian terms with IPA pronunciation	Ludian
4691492	14	Category:Luganda terms with IPA pronunciation	Luganda
7307461	14	Category:Lumun terms with IPA pronunciation	Lumun
4688738	14	Category:Lun Bawang terms with IPA pronunciation	Lun Bawang
4688434	14	Category:Luo terms with IPA pronunciation	Luo
7577522	14	Category:Lushootseed terms with IPA pronunciation	Lushootseed
4688170	14	Category:Luxembourgish terms with IPA pronunciation	Luxembourgish
4691289	14	Category:Lü terms with IPA pronunciation	Lü
6848757	14	Category:Ma Manda terms with IPA pronunciation	Ma Manda
4687265	14	Category:Macedonian terms with IPA pronunciation	Macedonian
5662770	14	Category:Macoris terms with IPA pronunciation	Macoris
8178425	14	Category:Magahi terms with IPA pronunciation	Magahi
7555198	14	Category:Magdalena Peñasco Mixtec terms with IPA pronunciation	Magdalena Peñasco Mixtec
5660126	14	Category:Maithili terms with IPA pronunciation	Maithili
8694060	14	Category:Mak (China) terms with IPA pronunciation	Mak (China)
7280368	14	Category:Makasar terms with IPA pronunciation	Makasar
7566368	14	Category:Malaccan Creole Malay terms with IPA pronunciation	Malaccan Creole Malay
4688405	14	Category:Malagasy terms with IPA pronunciation	Malagasy
4687195	14	Category:Malay terms with IPA pronunciation	Malay
4688371	14	Category:Malayalam terms with IPA pronunciation	Malayalam
4687535	14	Category:Maltese terms with IPA pronunciation	Maltese
6294406	14	Category:Malvi terms with IPA pronunciation	Malvi
5505906	14	Category:Maléku Jaíka terms with IPA pronunciation	Maléku Jaíka
5505854	14	Category:Mam terms with IPA pronunciation	Mam
8146708	14	Category:Mamboru terms with IPA pronunciation	Mamboru
6530838	14	Category:Manchu terms with IPA pronunciation	Manchu
7459802	14	Category:Mandaic terms with IPA pronunciation	Mandaic
4687073	14	Category:Mandarin terms with IPA pronunciation	Mandarin
4688419	14	Category:Mandinka terms with IPA pronunciation	Mandinka
6205266	14	Category:Mandobo Atas terms with IPA pronunciation	Mandobo Atas
7843878	14	Category:Mandobo Bawah terms with IPA pronunciation	Mandobo Bawah
6296652	14	Category:Mangghuer terms with IPA pronunciation	Mangghuer
7380588	14	Category:Manipuri terms with IPA pronunciation	Manipuri
4688957	14	Category:Mansi terms with IPA pronunciation	Mansi
4688216	14	Category:Manx terms with IPA pronunciation	Manx
8692492	14	Category:Maonan terms with IPA pronunciation	Maonan
6541548	14	Category:Maore Comorian terms with IPA pronunciation	Maore Comorian
4688718	14	Category:Maori terms with IPA pronunciation	Maori
4688491	14	Category:Mapudungun terms with IPA pronunciation	Mapudungun
8737884	14	Category:Maquiritari terms with IPA pronunciation	Maquiritari
4688749	14	Category:Marathi terms with IPA pronunciation	Marathi
4691424	14	Category:Marshallese terms with IPA pronunciation	Marshallese
4688397	14	Category:Martuthunira terms with IPA pronunciation	Martuthunira
7872219	14	Category:Marwari terms with IPA pronunciation	Marwari
6609066	14	Category:Masakará terms with IPA pronunciation	Masakará
8678278	14	Category:Masbatenyo terms with IPA pronunciation	Masbatenyo
5663041	14	Category:Massachusett terms with IPA pronunciation	Massachusett
6551107	14	Category:Matal terms with IPA pronunciation	Matal
5505667	14	Category:Mato terms with IPA pronunciation	Mato
6760375	14	Category:Mauritian Creole terms with IPA pronunciation	Mauritian Creole
4982930	14	Category:Mazanderani terms with IPA pronunciation	Mazanderani
6491422	14	Category:Mbabaram terms with IPA pronunciation	Mbabaram
7975878	14	Category:Mbyá Guaraní terms with IPA pronunciation	Mbyá Guaraní
6268324	14	Category:Mecayapan Nahuatl terms with IPA pronunciation	Mecayapan Nahuatl
4688464	14	Category:Megleno-Romanian terms with IPA pronunciation	Megleno-Romanian
7578411	14	Category:Mehri terms with IPA pronunciation	Mehri
5202299	14	Category:Meru terms with IPA pronunciation	Meru
6902008	14	Category:Mezquital Otomi terms with IPA pronunciation	Mezquital Otomi
8134168	14	Category:Meänkieli terms with IPA pronunciation	Meänkieli
6088589	14	Category:Mi'kmaq terms with IPA pronunciation	Mi'kmaq
5107029	14	Category:Miami terms with IPA pronunciation	Miami
4688715	14	Category:Michif terms with IPA pronunciation	Michif
7789759	14	Category:Michoacán Mazahua terms with IPA pronunciation	Michoacán Mazahua
8086825	14	Category:Middle Bengali terms with IPA pronunciation	Middle Bengali
4688176	14	Category:Middle Dutch terms with IPA pronunciation	Middle Dutch
4688446	14	Category:Middle English terms with IPA pronunciation	Middle English
4981652	14	Category:Middle French terms with IPA pronunciation	Middle French
4799797	14	Category:Middle High German terms with IPA pronunciation	Middle High German
4688722	14	Category:Middle Irish terms with IPA pronunciation	Middle Irish
4688883	14	Category:Middle Korean terms with IPA pronunciation	Middle Korean
4688367	14	Category:Middle Low German terms with IPA pronunciation	Middle Low German
6047047	14	Category:Middle Mongolian terms with IPA pronunciation	Middle Mongolian
4691293	14	Category:Middle Persian terms with IPA pronunciation	Middle Persian
4687487	14	Category:Middle Welsh terms with IPA pronunciation	Middle Welsh
5701425	14	Category:Midob terms with IPA pronunciation	Midob
4688118	14	Category:Min Nan terms with IPA pronunciation	Min Nan
8179801	14	Category:Minaean terms with IPA pronunciation	Minaean
4688967	14	Category:Minangkabau terms with IPA pronunciation	Minangkabau
4823691	14	Category:Mingrelian terms with IPA pronunciation	Mingrelian
5567332	14	Category:Minica Huitoto terms with IPA pronunciation	Minica Huitoto
4688965	14	Category:Mirandese terms with IPA pronunciation	Mirandese
8584409	14	Category:Miraya Bikol terms with IPA pronunciation	Miraya Bikol
8072093	14	Category:Miriwung terms with IPA pronunciation	Miriwung
7234133	14	Category:Miskito terms with IPA pronunciation	Miskito
7348710	14	Category:Mixed Great Andamanese terms with IPA pronunciation	Mixed Great Andamanese
4688796	14	Category:Miyako terms with IPA pronunciation	Miyako
4688717	14	Category:Mizo terms with IPA pronunciation	Mizo
6268381	14	Category:Mmen terms with IPA pronunciation	Mmen
5660121	14	Category:Mochica terms with IPA pronunciation	Mochica
7803984	14	Category:Mogholi terms with IPA pronunciation	Mogholi
4688829	14	Category:Mohawk terms with IPA pronunciation	Mohawk
4912555	14	Category:Moksha terms with IPA pronunciation	Moksha
6578931	14	Category:Mon terms with IPA pronunciation	Mon
6294628	14	Category:Mongghul terms with IPA pronunciation	Mongghul
4688748	14	Category:Mongolian terms with IPA pronunciation	Mongolian
7083811	14	Category:Montagnais terms with IPA pronunciation	Montagnais
7810343	14	Category:Moore terms with IPA pronunciation	Moore
4691378	14	Category:Mopan Maya terms with IPA pronunciation	Mopan Maya
7735114	14	Category:Morelos Nahuatl terms with IPA pronunciation	Morelos Nahuatl
5567590	14	Category:Mori Atas terms with IPA pronunciation	Mori Atas
5540281	14	Category:Mori Bawah terms with IPA pronunciation	Mori Bawah
7810633	14	Category:Moro terms with IPA pronunciation	Moro
6888994	14	Category:Moroccan Amazigh terms with IPA pronunciation	Moroccan Amazigh
4688489	14	Category:Moroccan Arabic terms with IPA pronunciation	Moroccan Arabic
6268876	14	Category:Morom terms with IPA pronunciation	Morom
7307491	14	Category:Mualang terms with IPA pronunciation	Mualang
8711238	14	Category:Muduapa terms with IPA pronunciation	Muduapa
7419138	14	Category:Mulam terms with IPA pronunciation	Mulam
8285264	14	Category:Muna terms with IPA pronunciation	Muna
6097525	14	Category:Mundari terms with IPA pronunciation	Mundari
7061948	14	Category:Munsee terms with IPA pronunciation	Munsee
4777474	14	Category:Muong terms with IPA pronunciation	Muong
8473343	14	Category:Mursi terms with IPA pronunciation	Mursi
5567524	14	Category:Murui Huitoto terms with IPA pronunciation	Murui Huitoto
4691444	14	Category:Mwotlap terms with IPA pronunciation	Mwotlap
4688452	14	Category:Mòcheno terms with IPA pronunciation	Mòcheno
5607567	14	Category:N'Ko terms with IPA pronunciation	N'Ko
6268879	14	Category:Naba terms with IPA pronunciation	Naba
7726960	14	Category:Nabak terms with IPA pronunciation	Nabak
7686510	14	Category:Nahuatl terms with IPA pronunciation	Nahuatl
7866305	14	Category:Najdi Arabic terms with IPA pronunciation	Najdi Arabic
4691453	14	Category:Nambikwara terms with IPA pronunciation	Nambikwara
5791362	14	Category:Namuyi terms with IPA pronunciation	Namuyi
6069075	14	Category:Nanai terms with IPA pronunciation	Nanai
7303989	14	Category:Nandi terms with IPA pronunciation	Nandi
8459405	14	Category:Naro terms with IPA pronunciation	Naro
4688806	14	Category:Nauruan terms with IPA pronunciation	Nauruan
4688364	14	Category:Navajo terms with IPA pronunciation	Navajo
6609049	14	Category:Naxi terms with IPA pronunciation	Naxi
4686737	14	Category:Neapolitan terms with IPA pronunciation	Neapolitan
8157604	14	Category:Negeri Sembilan Malay terms with IPA pronunciation	Negeri Sembilan Malay
4688802	14	Category:Nepali terms with IPA pronunciation	Nepali
7735326	14	Category:Newar terms with IPA pronunciation	Newar
4688849	14	Category:Ngaanyatjarra terms with IPA pronunciation	Ngaanyatjarra
8353875	14	Category:Ngaju terms with IPA pronunciation	Ngaju
6259597	14	Category:Ngam terms with IPA pronunciation	Ngam
4691500	14	Category:Nganasan terms with IPA pronunciation	Nganasan
8007704	14	Category:Ngas terms with IPA pronunciation	Ngas
4688839	14	Category:Ngawun terms with IPA pronunciation	Ngawun
8734545	14	Category:Nguôn terms with IPA pronunciation	Nguôn
5540293	14	Category:Nheengatu terms with IPA pronunciation	Nheengatu
4688964	14	Category:Nias terms with IPA pronunciation	Nias
8281185	14	Category:Nigerian Pidgin terms with IPA pronunciation	Nigerian Pidgin
6294413	14	Category:Nimadi terms with IPA pronunciation	Nimadi
4688949	14	Category:Niuean terms with IPA pronunciation	Niuean
7401393	14	Category:Nivaclé terms with IPA pronunciation	Nivaclé
4688961	14	Category:Nivkh terms with IPA pronunciation	Nivkh
8459050	14	Category:Niya Prakrit terms with IPA pronunciation	Niya Prakrit
8615454	14	Category:Nobiin terms with IPA pronunciation	Nobiin
4688938	14	Category:Nootka terms with IPA pronunciation	Nootka
4688794	14	Category:Norman terms with IPA pronunciation	Norman
8713641	14	Category:Norn terms with IPA pronunciation	Norn
4688429	14	Category:North Frisian terms with IPA pronunciation	North Frisian
4688789	14	Category:North Levantine Arabic terms with IPA pronunciation	North Levantine Arabic
7924528	14	Category:North Mesopotamian Arabic terms with IPA pronunciation	North Mesopotamian Arabic
6848546	14	Category:North Wahgi terms with IPA pronunciation	North Wahgi
7400075	14	Category:Northern Altai terms with IPA pronunciation	Northern Altai
7154188	14	Category:Northern Amami-Oshima terms with IPA pronunciation	Northern Amami-Oshima
6359964	14	Category:Northern Catanduanes Bicolano terms with IPA pronunciation	Northern Catanduanes Bicolano
4688905	14	Category:Northern Haida terms with IPA pronunciation	Northern Haida
7931781	14	Category:Northern Khmer terms with IPA pronunciation	Northern Khmer
7808521	14	Category:Northern Kurdish terms with IPA pronunciation	Northern Kurdish
7659419	14	Category:Northern Luri terms with IPA pronunciation	Northern Luri
8103544	14	Category:Northern Oaxaca Nahuatl terms with IPA pronunciation	Northern Oaxaca Nahuatl
5122111	14	Category:Northern Paiute terms with IPA pronunciation	Northern Paiute
7892775	14	Category:Northern Puebla Nahuatl terms with IPA pronunciation	Northern Puebla Nahuatl
5791369	14	Category:Northern Pumi terms with IPA pronunciation	Northern Pumi
8511824	14	Category:Northern Qiandong Miao terms with IPA pronunciation	Northern Qiandong Miao
8469280	14	Category:Northern Qiang terms with IPA pronunciation	Northern Qiang
4688473	14	Category:Northern Sami terms with IPA pronunciation	Northern Sami
4688888	14	Category:Northern Thai terms with IPA pronunciation	Northern Thai
6073364	14	Category:Northern Tujia terms with IPA pronunciation	Northern Tujia
6324448	14	Category:Northern Yukaghir terms with IPA pronunciation	Northern Yukaghir
4686898	14	Category:Norwegian terms with IPA pronunciation	Norwegian
4688326	14	Category:Norwegian Bokmål terms with IPA pronunciation	Norwegian Bokmål
4688172	14	Category:Norwegian Nynorsk terms with IPA pronunciation	Norwegian Nynorsk
7695347	14	Category:Nuer terms with IPA pronunciation	Nuer
8527721	14	Category:Nung terms with IPA pronunciation	Nung
8547155	14	Category:Nupe terms with IPA pronunciation	Nupe
7923549	14	Category:Nyah Kur terms with IPA pronunciation	Nyah Kur
5111746	14	Category:Nyishi terms with IPA pronunciation	Nyishi
5405502	14	Category:Nyâlayu terms with IPA pronunciation	Nyâlayu
5567443	14	Category:Nüpode Huitoto terms with IPA pronunciation	Nüpode Huitoto
4688937	14	Category:O'odham terms with IPA pronunciation	O'odham
6205325	14	Category:Ocaina terms with IPA pronunciation	Ocaina
4688268	14	Category:Occitan terms with IPA pronunciation	Occitan
4688930	14	Category:Ojibwe terms with IPA pronunciation	Ojibwe
8532426	14	Category:Okanagan terms with IPA pronunciation	Okanagan
5186371	14	Category:Oki-No-Erabu terms with IPA pronunciation	Oki-No-Erabu
4828941	14	Category:Okinawan terms with IPA pronunciation	Okinawan
7388853	14	Category:Old Anatolian Turkish terms with IPA pronunciation	Old Anatolian Turkish
8080455	14	Category:Old Bengali terms with IPA pronunciation	Old Bengali
8077323	14	Category:Old Church Slavonic terms with IPA pronunciation	Old Church Slavonic
7877527	14	Category:Old Czech terms with IPA pronunciation	Old Czech
4823694	14	Category:Old Danish terms with IPA pronunciation	Old Danish
7275144	14	Category:Old Dutch terms with IPA pronunciation	Old Dutch
4688811	14	Category:Old East Slavic terms with IPA pronunciation	Old East Slavic
4686906	14	Category:Old English terms with IPA pronunciation	Old English
4688215	14	Category:Old French terms with IPA pronunciation	Old French
4688887	14	Category:Old Frisian terms with IPA pronunciation	Old Frisian
4688882	14	Category:Old Georgian terms with IPA pronunciation	Old Georgian
4688357	14	Category:Old High German terms with IPA pronunciation	Old High German
4688214	14	Category:Old Irish terms with IPA pronunciation	Old Irish
5367187	14	Category:Old Javanese terms with IPA pronunciation	Old Javanese
7666205	14	Category:Old Khmer terms with IPA pronunciation	Old Khmer
8080595	14	Category:Old Mon terms with IPA pronunciation	Old Mon
4686905	14	Category:Old Norse terms with IPA pronunciation	Old Norse
8615470	14	Category:Old Nubian terms with IPA pronunciation	Old Nubian
4688383	14	Category:Old Occitan terms with IPA pronunciation	Old Occitan
7706291	14	Category:Old Persian terms with IPA pronunciation	Old Persian
4688847	14	Category:Old Polish terms with IPA pronunciation	Old Polish
4688186	14	Category:Old Portuguese terms with IPA pronunciation	Old Portuguese
4688413	14	Category:Old Prussian terms with IPA pronunciation	Old Prussian
4688211	14	Category:Old Saxon terms with IPA pronunciation	Old Saxon
4688385	14	Category:Old Spanish terms with IPA pronunciation	Old Spanish
6666264	14	Category:Old Swedish terms with IPA pronunciation	Old Swedish
4688401	14	Category:Old Tupi terms with IPA pronunciation	Old Tupi
7888693	14	Category:Old Turkic terms with IPA pronunciation	Old Turkic
5202336	14	Category:Old Welsh terms with IPA pronunciation	Old Welsh
7138454	14	Category:Olekha terms with IPA pronunciation	Olekha
8092921	14	Category:Ometepec Nahuatl terms with IPA pronunciation	Ometepec Nahuatl
5570651	14	Category:Oriya terms with IPA pronunciation	Oriya
7735337	14	Category:Orizaba Nahuatl terms with IPA pronunciation	Orizaba Nahuatl
5660222	14	Category:Ormuri terms with IPA pronunciation	Ormuri
6013480	14	Category:Oromo terms with IPA pronunciation	Oromo
8541088	14	Category:Osing terms with IPA pronunciation	Osing
4688379	14	Category:Ossetian terms with IPA pronunciation	Ossetian
4688787	14	Category:Ottoman Turkish terms with IPA pronunciation	Ottoman Turkish
8063165	14	Category:Pa'o Karen terms with IPA pronunciation	Pa'o Karen
4802025	14	Category:Pacoh terms with IPA pronunciation	Pacoh
5567595	14	Category:Padoe terms with IPA pronunciation	Padoe
6371695	14	Category:Paiwan terms with IPA pronunciation	Paiwan
4808614	14	Category:Palauan terms with IPA pronunciation	Palauan
5212163	14	Category:Pali terms with IPA pronunciation	Pali
7852803	14	Category:Panará terms with IPA pronunciation	Panará
6294424	14	Category:Pande terms with IPA pronunciation	Pande
4688603	14	Category:Pangasinan terms with IPA pronunciation	Pangasinan
6136323	14	Category:Panim terms with IPA pronunciation	Panim
4688736	14	Category:Panyjima terms with IPA pronunciation	Panyjima
5367869	14	Category:Papantla Totonac terms with IPA pronunciation	Papantla Totonac
8009209	14	Category:Papiamentu terms with IPA pronunciation	Papiamentu
5866230	14	Category:Paraguayan Guaraní terms with IPA pronunciation	Paraguayan Guaraní
8021450	14	Category:Parauk terms with IPA pronunciation	Parauk
7852839	14	Category:Pará Gavião terms with IPA pronunciation	Pará Gavião
4688169	14	Category:Pashto terms with IPA pronunciation	Pashto
5417010	14	Category:Pawaia terms with IPA pronunciation	Pawaia
5790654	14	Category:Pela terms with IPA pronunciation	Pela
4688878	14	Category:Pemon terms with IPA pronunciation	Pemon
7238040	14	Category:Pennsylvania German terms with IPA pronunciation	Pennsylvania German
4687272	14	Category:Persian terms with IPA pronunciation	Persian
5787953	14	Category:Phake terms with IPA pronunciation	Phake
7831790	14	Category:Phalura terms with IPA pronunciation	Phalura
8352083	14	Category:Philistine terms with IPA pronunciation	Philistine
7361674	14	Category:Phoenician terms with IPA pronunciation	Phoenician
4688846	14	Category:Picard terms with IPA pronunciation	Picard
4688799	14	Category:Piedmontese terms with IPA pronunciation	Piedmontese
4691380	14	Category:Pijin terms with IPA pronunciation	Pijin
4688469	14	Category:Pipil terms with IPA pronunciation	Pipil
4688948	14	Category:Pirahã terms with IPA pronunciation	Pirahã
4691372	14	Category:Pite Sami terms with IPA pronunciation	Pite Sami
4691443	14	Category:Pitjantjatjara terms with IPA pronunciation	Pitjantjatjara
7852764	14	Category:Plains Cree terms with IPA pronunciation	Plains Cree
4688941	14	Category:Plautdietsch terms with IPA pronunciation	Plautdietsch
7474196	14	Category:Pnar terms with IPA pronunciation	Pnar
7334255	14	Category:Pochutec terms with IPA pronunciation	Pochutec
4791549	14	Category:Pohnpeian terms with IPA pronunciation	Pohnpeian
7430924	14	Category:Polabian terms with IPA pronunciation	Polabian
4687263	14	Category:Polish terms with IPA pronunciation	Polish
4687469	14	Category:Portuguese terms with IPA pronunciation	Portuguese
8285292	14	Category:Prakrit terms with IPA pronunciation	Prakrit
7032515	14	Category:Primitive Irish terms with IPA pronunciation	Primitive Irish
4688914	14	Category:Principense terms with IPA pronunciation	Principense
8046260	14	Category:Proto-Abkhaz-Abaza terms with IPA pronunciation	Proto-Abkhaz-Abaza
8347928	14	Category:Proto-Albanian terms with IPA pronunciation	Proto-Albanian
6548062	14	Category:Proto-Anatolian terms with IPA pronunciation	Proto-Anatolian
7267811	14	Category:Proto-Athabaskan terms with IPA pronunciation	Proto-Athabaskan
4688713	14	Category:Proto-Austronesian terms with IPA pronunciation	Proto-Austronesian
4780611	14	Category:Proto-Brythonic terms with IPA pronunciation	Proto-Brythonic
4929739	14	Category:Proto-Celtic terms with IPA pronunciation	Proto-Celtic
4691490	14	Category:Proto-Central-Eastern Malayo-Polynesian terms with IPA pronunciation	Proto-Central-Eastern Malayo-Polynesian
6666556	14	Category:Proto-Chamic terms with IPA pronunciation	Proto-Chamic
7875075	14	Category:Proto-Eastern Malayo-Polynesian terms with IPA pronunciation	Proto-Eastern Malayo-Polynesian
4686904	14	Category:Proto-Germanic terms with IPA pronunciation	Proto-Germanic
8347800	14	Category:Proto-Hellenic terms with IPA pronunciation	Proto-Hellenic
4688762	14	Category:Proto-Indo-European terms with IPA pronunciation	Proto-Indo-European
5073872	14	Category:Proto-Italic terms with IPA pronunciation	Proto-Italic
4691294	14	Category:Proto-Malayic terms with IPA pronunciation	Proto-Malayic
4691298	14	Category:Proto-Malayo-Chamic terms with IPA pronunciation	Proto-Malayo-Chamic
4688415	14	Category:Proto-Malayo-Polynesian terms with IPA pronunciation	Proto-Malayo-Polynesian
4691303	14	Category:Proto-Malayo-Sumbawan terms with IPA pronunciation	Proto-Malayo-Sumbawan
8203966	14	Category:Proto-Nakh terms with IPA pronunciation	Proto-Nakh
4689340	14	Category:Proto-Norse terms with IPA pronunciation	Proto-Norse
8421485	14	Category:Proto-North Halmahera terms with IPA pronunciation	Proto-North Halmahera
7852846	14	Category:Proto-Northern Jê terms with IPA pronunciation	Proto-Northern Jê
7165968	14	Category:Proto-Nuclear Polynesian terms with IPA pronunciation	Proto-Nuclear Polynesian
6371721	14	Category:Proto-Oceanic terms with IPA pronunciation	Proto-Oceanic
7963669	14	Category:Proto-Permic terms with IPA pronunciation	Proto-Permic
4691420	14	Category:Proto-Philippine terms with IPA pronunciation	Proto-Philippine
4688727	14	Category:Proto-Polynesian terms with IPA pronunciation	Proto-Polynesian
7053066	14	Category:Proto-Ryukyuan terms with IPA pronunciation	Proto-Ryukyuan
7359751	14	Category:Proto-Slavic terms with IPA pronunciation	Proto-Slavic
4691322	14	Category:Proto-Sunda-Sulawesi terms with IPA pronunciation	Proto-Sunda-Sulawesi
8029028	14	Category:Proto-Yukaghir terms with IPA pronunciation	Proto-Yukaghir
6094416	14	Category:Puluwat terms with IPA pronunciation	Puluwat
4688726	14	Category:Punic terms with IPA pronunciation	Punic
4687075	14	Category:Punjabi terms with IPA pronunciation	Punjabi
7206591	14	Category:Purepecha terms with IPA pronunciation	Purepecha
7510441	14	Category:Puyuma terms with IPA pronunciation	Puyuma
7852782	14	Category:Pykobjê terms with IPA pronunciation	Pykobjê
4689021	14	Category:Q'anjob'al terms with IPA pronunciation	Q'anjob'al
5787778	14	Category:Qabiao terms with IPA pronunciation	Qabiao
6161333	14	Category:Qaqet terms with IPA pronunciation	Qaqet
4688724	14	Category:Quechua terms with IPA pronunciation	Quechua
7789787	14	Category:Querétaro Otomi terms with IPA pronunciation	Querétaro Otomi
5790727	14	Category:Queyu terms with IPA pronunciation	Queyu
7793806	14	Category:Rabha terms with IPA pronunciation	Rabha
4819773	14	Category:Rade terms with IPA pronunciation	Rade
5708040	14	Category:Rajasthani terms with IPA pronunciation	Rajasthani
5367026	14	Category:Rajbanshi terms with IPA pronunciation	Rajbanshi
7191644	14	Category:Rakhine terms with IPA pronunciation	Rakhine
4688814	14	Category:Rapa Nui terms with IPA pronunciation	Rapa Nui
8563247	14	Category:Ratagnon terms with IPA pronunciation	Ratagnon
8059155	14	Category:Rawang terms with IPA pronunciation	Rawang
5787934	14	Category:Rayón Zoque terms with IPA pronunciation	Rayón Zoque
5787844	14	Category:Red Gelao terms with IPA pronunciation	Red Gelao
6627896	14	Category:Rendille terms with IPA pronunciation	Rendille
6332103	14	Category:Repanbitip terms with IPA pronunciation	Repanbitip
7451646	14	Category:Rhine Franconian terms with IPA pronunciation	Rhine Franconian
6371640	14	Category:Rohingya terms with IPA pronunciation	Rohingya
4688485	14	Category:Romagnol terms with IPA pronunciation	Romagnol
4691319	14	Category:Romani terms with IPA pronunciation	Romani
4687539	14	Category:Romanian terms with IPA pronunciation	Romanian
4688443	14	Category:Romansch terms with IPA pronunciation	Romansch
4687282	14	Category:Russian terms with IPA pronunciation	Russian
4688772	14	Category:Rusyn terms with IPA pronunciation	Rusyn
4688889	14	Category:Rwanda-Rundi terms with IPA pronunciation	Rwanda-Rundi
8649707	14	Category:Réunion Creole French terms with IPA pronunciation	Réunion Creole French
8136896	14	Category:S'gaw Karen terms with IPA pronunciation	S'gaw Karen
4687543	14	Category:Saanich terms with IPA pronunciation	Saanich
7973578	14	Category:Saaroa terms with IPA pronunciation	Saaroa
8142318	14	Category:Sabaean terms with IPA pronunciation	Sabaean
8709780	14	Category:Sabah Malay terms with IPA pronunciation	Sabah Malay
8572851	14	Category:Saho terms with IPA pronunciation	Saho
8508233	14	Category:Sahu terms with IPA pronunciation	Sahu
7507882	14	Category:Saisiyat terms with IPA pronunciation	Saisiyat
6213567	14	Category:Saluan terms with IPA pronunciation	Saluan
7514258	14	Category:Samaritan Aramaic terms with IPA pronunciation	Samaritan Aramaic
5075482	14	Category:Samoan terms with IPA pronunciation	Samoan
4688859	14	Category:Samogitian terms with IPA pronunciation	Samogitian
5787627	14	Category:San Agustín Mixtepec Zapotec terms with IPA pronunciation	San Agustín Mixtepec Zapotec
6891317	14	Category:San Juan Colorado Mixtec terms with IPA pronunciation	San Juan Colorado Mixtec
7495829	14	Category:San Martín Itunyoso Triqui terms with IPA pronunciation	San Martín Itunyoso Triqui
6891535	14	Category:San Pedro Amuzgos Amuzgo terms with IPA pronunciation	San Pedro Amuzgos Amuzgo
7381214	14	Category:Sango terms with IPA pronunciation	Sango
5790673	14	Category:Sani terms with IPA pronunciation	Sani
4687077	14	Category:Sanskrit terms with IPA pronunciation	Sanskrit
8358001	14	Category:Santa María La Alta Nahuatl terms with IPA pronunciation	Santa María La Alta Nahuatl
4688971	14	Category:Santali terms with IPA pronunciation	Santali
6299174	14	Category:Sar terms with IPA pronunciation	Sar
6847640	14	Category:Saraiki terms with IPA pronunciation	Saraiki
4688963	14	Category:Sardinian terms with IPA pronunciation	Sardinian
7493477	14	Category:Sasak terms with IPA pronunciation	Sasak
8153140	14	Category:Sassarese terms with IPA pronunciation	Sassarese
6094417	14	Category:Satawalese terms with IPA pronunciation	Satawalese
4688457	14	Category:Saterland Frisian terms with IPA pronunciation	Saterland Frisian
6222196	14	Category:Sawai terms with IPA pronunciation	Sawai
5787572	14	Category:Sayula Popoluca terms with IPA pronunciation	Sayula Popoluca
5604338	14	Category:Scanian terms with IPA pronunciation	Scanian
4687525	14	Category:Scots terms with IPA pronunciation	Scots
4688116	14	Category:Scottish Gaelic terms with IPA pronunciation	Scottish Gaelic
8491747	14	Category:Sedang terms with IPA pronunciation	Sedang
7498248	14	Category:Sekapan terms with IPA pronunciation	Sekapan
5178550	14	Category:Selkup terms with IPA pronunciation	Selkup
4989023	14	Category:Semai terms with IPA pronunciation	Semai
7702566	14	Category:Seneca terms with IPA pronunciation	Seneca
6848650	14	Category:Sepik Iwam terms with IPA pronunciation	Sepik Iwam
4687266	14	Category:Serbo-Croatian terms with IPA pronunciation	Serbo-Croatian
5660120	14	Category:Serer terms with IPA pronunciation	Serer
4688442	14	Category:Seri terms with IPA pronunciation	Seri
4688460	14	Category:Shan terms with IPA pronunciation	Shan
6609042	14	Category:Shaozhou Tuhua terms with IPA pronunciation	Shaozhou Tuhua
7924532	14	Category:Sherpa terms with IPA pronunciation	Sherpa
7938687	14	Category:Sheshi Kham terms with IPA pronunciation	Sheshi Kham
5660165	14	Category:Shina terms with IPA pronunciation	Shina
5791316	14	Category:Shixing terms with IPA pronunciation	Shixing
7041133	14	Category:Shona terms with IPA pronunciation	Shona
4765421	14	Category:Shor terms with IPA pronunciation	Shor
8541661	14	Category:Shoshone terms with IPA pronunciation	Shoshone
7166851	14	Category:Shuar terms with IPA pronunciation	Shuar
6084010	14	Category:Shuswap terms with IPA pronunciation	Shuswap
8488436	14	Category:Siberian Tatar terms with IPA pronunciation	Siberian Tatar
4688440	14	Category:Sichuan Yi terms with IPA pronunciation	Sichuan Yi
4688165	14	Category:Sicilian terms with IPA pronunciation	Sicilian
7838000	14	Category:Sidamo terms with IPA pronunciation	Sidamo
8178143	14	Category:Sierra Negra Nahuatl terms with IPA pronunciation	Sierra Negra Nahuatl
4688886	14	Category:Silesian terms with IPA pronunciation	Silesian
8193373	14	Category:Simalungun Batak terms with IPA pronunciation	Simalungun Batak
4688804	14	Category:Sindhi terms with IPA pronunciation	Sindhi
4688768	14	Category:Sinhalese terms with IPA pronunciation	Sinhalese
4839690	14	Category:Sinte Romani terms with IPA pronunciation	Sinte Romani
7505707	14	Category:Siraya terms with IPA pronunciation	Siraya
4686985	14	Category:Skolt Sami terms with IPA pronunciation	Skolt Sami
5555927	14	Category:Slavomolisano terms with IPA pronunciation	Slavomolisano
4686982	14	Category:Slovak terms with IPA pronunciation	Slovak
4686983	14	Category:Slovene terms with IPA pronunciation	Slovene
6850885	14	Category:Solon terms with IPA pronunciation	Solon
4687540	14	Category:Somali terms with IPA pronunciation	Somali
7898195	14	Category:Soqotri terms with IPA pronunciation	Soqotri
4688856	14	Category:Sotho terms with IPA pronunciation	Sotho
4688844	14	Category:South Levantine Arabic terms with IPA pronunciation	South Levantine Arabic
7841365	14	Category:South Slavey terms with IPA pronunciation	South Slavey
6404406	14	Category:Southeast Pashayi terms with IPA pronunciation	Southeast Pashayi
4688954	14	Category:Southeastern Tepehuan terms with IPA pronunciation	Southeastern Tepehuan
4765433	14	Category:Southern Altai terms with IPA pronunciation	Southern Altai
7255290	14	Category:Southern Amami-Oshima terms with IPA pronunciation	Southern Amami-Oshima
6653023	14	Category:Southern Kam terms with IPA pronunciation	Southern Kam
4691446	14	Category:Southern Kurdish terms with IPA pronunciation	Southern Kurdish
5790705	14	Category:Southern Pumi terms with IPA pronunciation	Southern Pumi
4688951	14	Category:Southern Sami terms with IPA pronunciation	Southern Sami
6073368	14	Category:Southern Tujia terms with IPA pronunciation	Southern Tujia
7341104	14	Category:Southern Yukaghir terms with IPA pronunciation	Southern Yukaghir
6483489	14	Category:Southwestern Fars terms with IPA pronunciation	Southwestern Fars
4687165	14	Category:Spanish terms with IPA pronunciation	Spanish
4691451	14	Category:Squamish terms with IPA pronunciation	Squamish
4688947	14	Category:Sranan Tongo terms with IPA pronunciation	Sranan Tongo
8133596	14	Category:Sudanese Arabic terms with IPA pronunciation	Sudanese Arabic
7192118	14	Category:Sui terms with IPA pronunciation	Sui
7968025	14	Category:Sundanese terms with IPA pronunciation	Sundanese
5553914	14	Category:Supyire terms with IPA pronunciation	Supyire
7852532	14	Category:Suyá terms with IPA pronunciation	Suyá
4688940	14	Category:Svan terms with IPA pronunciation	Svan
4688365	14	Category:Swahili terms with IPA pronunciation	Swahili
4686897	14	Category:Swedish terms with IPA pronunciation	Swedish
5604342	14	Category:Sylheti terms with IPA pronunciation	Sylheti
4688931	14	Category:Sãotomense terms with IPA pronunciation	Sãotomense
8476391	14	Category:Tabaru terms with IPA pronunciation	Tabaru
6393873	14	Category:Tachawit terms with IPA pronunciation	Tachawit
4687906	14	Category:Tagalog terms with IPA pronunciation	Tagalog
4688821	14	Category:Tahitian terms with IPA pronunciation	Tahitian
7043314	14	Category:Tai Dam terms with IPA pronunciation	Tai Dam
7610373	14	Category:Tai Do terms with IPA pronunciation	Tai Do
8734382	14	Category:Tai Dón terms with IPA pronunciation	Tai Dón
5660188	14	Category:Tai Nüa terms with IPA pronunciation	Tai Nüa
4688925	14	Category:Taimyr Pidgin Russian terms with IPA pronunciation	Taimyr Pidgin Russian
5429425	14	Category:Tairuma terms with IPA pronunciation	Tairuma
4688218	14	Category:Tajik terms with IPA pronunciation	Tajik
4688376	14	Category:Tamil terms with IPA pronunciation	Tamil
7814088	14	Category:Tangam terms with IPA pronunciation	Tangam
8115442	14	Category:Tangut terms with IPA pronunciation	Tangut
4688210	14	Category:Taos terms with IPA pronunciation	Taos
7829150	14	Category:Tapayuna terms with IPA pronunciation	Tapayuna
6263752	14	Category:Tara Baka terms with IPA pronunciation	Tara Baka
5790787	14	Category:Taraon terms with IPA pronunciation	Taraon
5373609	14	Category:Tariana terms with IPA pronunciation	Tariana
4805082	14	Category:Tarifit terms with IPA pronunciation	Tarifit
8663472	14	Category:Tashelhit terms with IPA pronunciation	Tashelhit
7491816	14	Category:Tataltepec Chatino terms with IPA pronunciation	Tataltepec Chatino
4688450	14	Category:Tatar terms with IPA pronunciation	Tatar
7191711	14	Category:Tavoyan terms with IPA pronunciation	Tavoyan
6652884	14	Category:Teanu terms with IPA pronunciation	Teanu
4688374	14	Category:Telugu terms with IPA pronunciation	Telugu
4779862	14	Category:Temascaltepec Nahuatl terms with IPA pronunciation	Temascaltepec Nahuatl
7789828	14	Category:Temoaya Otomi terms with IPA pronunciation	Temoaya Otomi
8541113	14	Category:Tengger terms with IPA pronunciation	Tengger
7181504	14	Category:Teojomulco Chatino terms with IPA pronunciation	Teojomulco Chatino
7555975	14	Category:Teposcolula Mixtec terms with IPA pronunciation	Teposcolula Mixtec
4688950	14	Category:Ter Sami terms with IPA pronunciation	Ter Sami
5662783	14	Category:Teribe terms with IPA pronunciation	Teribe
7847104	14	Category:Ternate terms with IPA pronunciation	Ternate
4688492	14	Category:Tetelcingo Nahuatl terms with IPA pronunciation	Tetelcingo Nahuatl
7557013	14	Category:Tezoatlán Mixtec terms with IPA pronunciation	Tezoatlán Mixtec
4688114	14	Category:Thai terms with IPA pronunciation	Thai
4691343	14	Category:Thao terms with IPA pronunciation	Thao
4688403	14	Category:Tibetan terms with IPA pronunciation	Tibetan
8538097	14	Category:Tidore terms with IPA pronunciation	Tidore
8044455	14	Category:Tigre terms with IPA pronunciation	Tigre
4688793	14	Category:Tigrinya terms with IPA pronunciation	Tigrinya
8699028	14	Category:Tircul terms with IPA pronunciation	Tircul
7370096	14	Category:Tlamacazapa Nahuatl terms with IPA pronunciation	Tlamacazapa Nahuatl
4688791	14	Category:Tlingit terms with IPA pronunciation	Tlingit
8340862	14	Category:Toba Batak terms with IPA pronunciation	Toba Batak
6910093	14	Category:Tocharian A terms with IPA pronunciation	Tocharian A
5388071	14	Category:Tocharian B terms with IPA pronunciation	Tocharian B
7307632	14	Category:Tocho terms with IPA pronunciation	Tocho
8266122	14	Category:Toda terms with IPA pronunciation	Toda
7352251	14	Category:Tofa terms with IPA pronunciation	Tofa
4688426	14	Category:Tok Pisin terms with IPA pronunciation	Tok Pisin
5106948	14	Category:Tokelauan terms with IPA pronunciation	Tokelauan
7142051	14	Category:Toku-No-Shima terms with IPA pronunciation	Toku-No-Shima
4688904	14	Category:Tongan terms with IPA pronunciation	Tongan
4839066	14	Category:Tonkawa terms with IPA pronunciation	Tonkawa
5660200	14	Category:Torwali terms with IPA pronunciation	Torwali
4687536	14	Category:Translingual terms with IPA pronunciation	Translingual
7851716	14	Category:Transylvanian Saxon terms with IPA pronunciation	Transylvanian Saxon
4790245	14	Category:Tsakonian terms with IPA pronunciation	Tsakonian
7883733	14	Category:Tsez terms with IPA pronunciation	Tsez
4839065	14	Category:Tsimshian terms with IPA pronunciation	Tsimshian
8527652	14	Category:Tsou terms with IPA pronunciation	Tsou
4688351	14	Category:Tswana terms with IPA pronunciation	Tswana
6609051	14	Category:Tulu-Bohuai terms with IPA pronunciation	Tulu-Bohuai
4688855	14	Category:Tundra Nenets terms with IPA pronunciation	Tundra Nenets
4688836	14	Category:Tunisian Arabic terms with IPA pronunciation	Tunisian Arabic
4688019	14	Category:Turkish terms with IPA pronunciation	Turkish
4688020	14	Category:Turkmen terms with IPA pronunciation	Turkmen
7359816	14	Category:Turoyo terms with IPA pronunciation	Turoyo
5107005	14	Category:Tuvaluan terms with IPA pronunciation	Tuvaluan
4691324	14	Category:Tuvan terms with IPA pronunciation	Tuvan
8663031	14	Category:Tyap terms with IPA pronunciation	Tyap
5462744	14	Category:Tzotzil terms with IPA pronunciation	Tzotzil
8251172	14	Category:Tày terms with IPA pronunciation	Tày
7090092	14	Category:Ubykh terms with IPA pronunciation	Ubykh
4688816	14	Category:Udihe terms with IPA pronunciation	Udihe
4691306	14	Category:Udmurt terms with IPA pronunciation	Udmurt
5581877	14	Category:Ugaritic terms with IPA pronunciation	Ugaritic
4687267	14	Category:Ukrainian terms with IPA pronunciation	Ukrainian
7356772	14	Category:Ulch terms with IPA pronunciation	Ulch
4688409	14	Category:Unami terms with IPA pronunciation	Unami
8708455	14	Category:Uneapa terms with IPA pronunciation	Uneapa
6144974	14	Category:Unua terms with IPA pronunciation	Unua
4972931	14	Category:Upper Kuskokwim terms with IPA pronunciation	Upper Kuskokwim
4688031	14	Category:Upper Sorbian terms with IPA pronunciation	Upper Sorbian
6246416	14	Category:Ura (Vanuatu) terms with IPA pronunciation	Ura (Vanuatu)
8338753	14	Category:Urak Lawoi' terms with IPA pronunciation	Urak Lawoi'
7101161	14	Category:Urat terms with IPA pronunciation	Urat
4688175	14	Category:Urdu terms with IPA pronunciation	Urdu
4691441	14	Category:Urubú-Kaapor terms with IPA pronunciation	Urubú-Kaapor
6136546	14	Category:Uyajitaya terms with IPA pronunciation	Uyajitaya
4688332	14	Category:Uyghur terms with IPA pronunciation	Uyghur
4688730	14	Category:Uzbek terms with IPA pronunciation	Uzbek
5567256	14	Category:Vanimo terms with IPA pronunciation	Vanimo
6732259	14	Category:Varli terms with IPA pronunciation	Varli
4688448	14	Category:Venetian terms with IPA pronunciation	Venetian
4688030	14	Category:Vietnamese terms with IPA pronunciation	Vietnamese
4691355	14	Category:Vilamovian terms with IPA pronunciation	Vilamovian
8630750	14	Category:Vlax Romani terms with IPA pronunciation	Vlax Romani
4688167	14	Category:Volapük terms with IPA pronunciation	Volapük
6931085	14	Category:Volga German terms with IPA pronunciation	Volga German
6816993	14	Category:Votic terms with IPA pronunciation	Votic
4688746	14	Category:Vurës terms with IPA pronunciation	Vurës
4688792	14	Category:Võro terms with IPA pronunciation	Võro
7990286	14	Category:Wakhi terms with IPA pronunciation	Wakhi
8469782	14	Category:Wallisian terms with IPA pronunciation	Wallisian
4688459	14	Category:Walloon terms with IPA pronunciation	Walloon
5784891	14	Category:Wancho terms with IPA pronunciation	Wancho
8146797	14	Category:Wanukaka terms with IPA pronunciation	Wanukaka
4688813	14	Category:Waray-Waray terms with IPA pronunciation	Waray-Waray
7397218	14	Category:Wari' terms with IPA pronunciation	Wari'
4688462	14	Category:Warlpiri terms with IPA pronunciation	Warlpiri
4688891	14	Category:Warrgamay terms with IPA pronunciation	Warrgamay
7298247	14	Category:Warungu terms with IPA pronunciation	Warungu
6909953	14	Category:Wathaurong terms with IPA pronunciation	Wathaurong
5171919	14	Category:Wauja terms with IPA pronunciation	Wauja
4687488	14	Category:Welsh terms with IPA pronunciation	Welsh
6848629	14	Category:Weri terms with IPA pronunciation	Weri
6002269	14	Category:West Flemish terms with IPA pronunciation	West Flemish
4688223	14	Category:West Frisian terms with IPA pronunciation	West Frisian
8536639	14	Category:West Makian terms with IPA pronunciation	West Makian
4688438	14	Category:Western Apache terms with IPA pronunciation	Western Apache
4688472	14	Category:Western Arrernte terms with IPA pronunciation	Western Arrernte
8507156	14	Category:Western Cham terms with IPA pronunciation	Western Cham
7157166	14	Category:Western Highland Chatino terms with IPA pronunciation	Western Highland Chatino
7514486	14	Category:Western Huasteca Nahuatl terms with IPA pronunciation	Western Huasteca Nahuatl
4688853	14	Category:Western Kayah terms with IPA pronunciation	Western Kayah
7924417	14	Category:Western Lawa terms with IPA pronunciation	Western Lawa
7359829	14	Category:Western Neo-Aramaic terms with IPA pronunciation	Western Neo-Aramaic
8438600	14	Category:Western Pwo terms with IPA pronunciation	Western Pwo
5604346	14	Category:Westrobothnian terms with IPA pronunciation	Westrobothnian
8146799	14	Category:Weyewa terms with IPA pronunciation	Weyewa
5787809	14	Category:White Gelao terms with IPA pronunciation	White Gelao
4688430	14	Category:White Hmong terms with IPA pronunciation	White Hmong
8517132	14	Category:White Lachi terms with IPA pronunciation	White Lachi
7307677	14	Category:Winnebago terms with IPA pronunciation	Winnebago
4691347	14	Category:Wintu terms with IPA pronunciation	Wintu
8085902	14	Category:Wiyot terms with IPA pronunciation	Wiyot
7668094	14	Category:Woleaian terms with IPA pronunciation	Woleaian
7982569	14	Category:Wolio terms with IPA pronunciation	Wolio
4784154	14	Category:Wolof terms with IPA pronunciation	Wolof
7043021	14	Category:Written Oirat terms with IPA pronunciation	Written Oirat
8065488	14	Category:Wutunhua terms with IPA pronunciation	Wutunhua
5783161	14	Category:Xavante terms with IPA pronunciation	Xavante
5783014	14	Category:Xerénte terms with IPA pronunciation	Xerénte
4688461	14	Category:Xhosa terms with IPA pronunciation	Xhosa
5558906	14	Category:Xinca terms with IPA pronunciation	Xinca
7853086	14	Category:Xokleng terms with IPA pronunciation	Xokleng
6547339	14	Category:Xârâcùù terms with IPA pronunciation	Xârâcùù
7010893	14	Category:Yaeyama terms with IPA pronunciation	Yaeyama
4691344	14	Category:Yagnobi terms with IPA pronunciation	Yagnobi
7924539	14	Category:Yakkha terms with IPA pronunciation	Yakkha
4688826	14	Category:Yakut terms with IPA pronunciation	Yakut
8063846	14	Category:Yami terms with IPA pronunciation	Yami
8025228	14	Category:Yamphu terms with IPA pronunciation	Yamphu
6260996	14	Category:Yankunytjatjara terms with IPA pronunciation	Yankunytjatjara
5071063	14	Category:Yapese terms with IPA pronunciation	Yapese
7710130	14	Category:Yevanic terms with IPA pronunciation	Yevanic
4688217	14	Category:Yiddish terms with IPA pronunciation	Yiddish
4691335	14	Category:Yidiny terms with IPA pronunciation	Yidiny
8491815	14	Category:Yimas terms with IPA pronunciation	Yimas
8654249	14	Category:Yola terms with IPA pronunciation	Yola
5186368	14	Category:Yonaguni terms with IPA pronunciation	Yonaguni
8670670	14	Category:Yong terms with IPA pronunciation	Yong
4688929	14	Category:Yoron terms with IPA pronunciation	Yoron
4691307	14	Category:Yoruba terms with IPA pronunciation	Yoruba
4688373	14	Category:Yucatec Maya terms with IPA pronunciation	Yucatec Maya
8577049	14	Category:Yup'ik terms with IPA pronunciation	Yup'ik
5671548	14	Category:Yupiltepeque terms with IPA pronunciation	Yupiltepeque
4688908	14	Category:Yurok terms with IPA pronunciation	Yurok
7238110	14	Category:Yámana terms with IPA pronunciation	Yámana
8193986	14	Category:Zacatepec Chatino terms with IPA pronunciation	Zacatepec Chatino
8134901	14	Category:Zacatlán-Ahuacatlán-Tepetzintla Nahuatl terms with IPA pronunciation	Zacatlán-Ahuacatlán-Tepetzintla Nahuatl
5376320	14	Category:Zaghawa terms with IPA pronunciation	Zaghawa
4687270	14	Category:Zazaki terms with IPA pronunciation	Zazaki
4691497	14	Category:Zhuang terms with IPA pronunciation	Zhuang
4688475	14	Category:Zoogocho Zapotec terms with IPA pronunciation	Zoogocho Zapotec
7857286	14	Category:Zou terms with IPA pronunciation	Zou
4688778	14	Category:Zulu terms with IPA pronunciation	Zulu
8416302	14	Category:Önge terms with IPA pronunciation	Önge
5662425	14	Category:ǃXóõ terms with IPA pronunciation	ǃXóõ
